{
    "loss": 9.700592994689941,
    "accuracy": 0.5179855823516846
}